feedback_id;q1;q2;q3;q4;q5;q6;q7;q8
35722903;Desktop;10;5;5;5;Yes, I want to select products that I will buy later;I have free delivery on Allegro,Allegro is the cheapest;11
35722166;Mobile Phone;10;4;4;5;No, I'm only browsing through available products;-;1978
35721972;Mobile Phone;10;4;5;5;No, I'm only browsing through available products;-;1973
35721402;Mobile Phone;10;5;5;5;Yes, I want to buy something in the next few minutes;Allegro is the cheapest;1976
35721329;Mobile Phone;10;4;3;5;Yes, I want to select products that I will buy later;I have a guarantee of safe shopping on Allegro,There is no shop in my neighborhood that offers the products that I can find on Allegro,Allegro is the most convenient shop,Allegro is the cheapest,I have free delivery on Allegro;1988
35721099;Mobile Phone;10;5;5;5;Yes, I want to buy something in the next few minutes;Allegro is the most convenient shop;1994
35720998;Desktop;9;4;3;5;No, I'm only browsing through available products;-;1965
35720756;Desktop;3;1;1;3;No, I'm only browsing through available products;-;2000
35720558;Desktop;8;4;4;4;No, I'm only browsing through available products;-;1973
35720435;Desktop;10;5;5;4;No, I'm only browsing through available products;-;1954
35719314;Mobile Phone;10;4;4;5;Yes, I want to select products that I will buy later;I have free delivery on Allegro,There is no shop in my neighborhood that offers the products that I can find on Allegro;1995
35719144;Desktop;8;5;4;4;Yes, I want to buy something in the next few minutes;Allegro is the most convenient shop,I have a guarantee of safe shopping on Allegro,Allegro is the cheapest;1966
35718977;Desktop;6;3;2;4;Yes, I want to buy something in the next few minutes;I have free delivery on Allegro,There is no shop in my neighborhood that offers the products that I can find on Allegro;1973
35718969;Desktop;10;5;4;5;Yes, I want to select products that I will buy later;Allegro is the cheapest,Allegro is the most convenient shop,I have free delivery on Allegro,There is no shop in my neighborhood that offers the products that I can find on Allegro,I have a guarantee of safe shopping on Allegro;1969
35718334;Desktop;10;4;3;4;Yes, I want to select products that I will buy later;I have free delivery on Allegro,Allegro is the most convenient shop,I have a guarantee of safe shopping on Allegro;1981
35718231;Desktop;10;5;5;5;Yes, I want to buy something in the next few minutes;Allegro is the most convenient shop,I have free delivery on Allegro,I have a guarantee of safe shopping on Allegro;1974
35717908;Desktop;10;3;5;5;Yes, I want to buy something in the next few minutes;Allegro is the most convenient shop;1978
35717519;Desktop;10;3;5;5;Yes, I want to select products that I will buy later;I have free delivery on Allegro,I have a guarantee of safe shopping on Allegro,Allegro is the most convenient shop,There is no shop in my neighborhood that offers the products that I can find on Allegro;1981
35717441;Desktop;10;3;4;5;Yes, I want to select products that I will buy later;Allegro is the most convenient shop,I have a guarantee of safe shopping on Allegro;1969
35717074;Desktop;10;5;4;5;Yes, I want to buy something in the next few minutes;Allegro is the most convenient shop,I have a guarantee of safe shopping on Allegro,I have free delivery on Allegro;1965
35716574;Mobile Phone;6;4;3;5;Yes, I want to buy something in the next few minutes;There is no shop in my neighborhood that offers the products that I can find on Allegro,Allegro is the cheapest;1997
35716075;Tablet;3;5;5;5;No, I'm only browsing through available products;-;1976
35715461;Desktop;10;5;5;5;No, I'm only browsing through available products;-;1979
35714937;Mobile Phone;5;2;3;2;Yes, I want to select products that I will buy later;I have a guarantee of safe shopping on Allegro,I have free delivery on Allegro,Allegro is the most convenient shop;1979
35714697;Desktop;10;5;3;5;Yes, I want to buy something in the next few minutes;Allegro is the cheapest;1998
35714311;Mobile Phone;10;5;5;5;No, I'm only browsing through available products;-;1990
35714062;Desktop;10;5;4;5;Yes, I want to buy something in the next few minutes;Allegro is the most convenient shop,I have a guarantee of safe shopping on Allegro,There is no shop in my neighborhood that offers the products that I can find on Allegro,I have free delivery on Allegro;1962
35713195;Desktop;10;3;3;4;Yes, I want to select products that I will buy later;There is no shop in my neighborhood that offers the products that I can find on Allegro;1966
35712697;Desktop;7;4;4;4;Yes, I want to select products that I will buy later;I have free delivery on Allegro;1950
35711266;Desktop;10;5;4;4;Yes, I want to select products that I will buy later;Allegro is the cheapest,I have a guarantee of safe shopping on Allegro,Allegro is the most convenient shop;1952
35710861;Desktop;7;3;3;2;No, I'm only browsing through available products;-;6666
35710643;Desktop;10;4;5;5;Yes, I want to buy something in the next few minutes;I have a guarantee of safe shopping on Allegro;1998
35710571;Mobile Phone;10;5;5;5;No, I'm only browsing through available products;-;1984
35709539;Desktop;10;5;5;5;Yes, I want to select products that I will buy later;I have a guarantee of safe shopping on Allegro;1967
35709197;Desktop;9;5;4;5;Yes, I want to select products that I will buy later;Allegro is the most convenient shop,There is no shop in my neighborhood that offers the products that I can find on Allegro,I have free delivery on Allegro;1967
35709179;Desktop;10;3;3;4;Yes, I want to select products that I will buy later;I have a guarantee of safe shopping on Allegro;1971
35708813;Desktop;10;5;5;5;Yes, I want to buy something in the next few minutes;I have free delivery on Allegro;1992
35708783;Desktop;5;1;2;4;Yes, I want to select products that I will buy later;I have free delivery on Allegro;1979
35708703;Desktop;10;5;5;5;Yes, I want to buy something in the next few minutes;Allegro is the cheapest,I have free delivery on Allegro,I have a guarantee of safe shopping on Allegro,Allegro is the most convenient shop;1974
35708458;Tablet;5;3;5;4;No, I'm only browsing through available products;-;1980
35708318;Tablet;8;4;5;5;Yes, I want to select products that I will buy later;Allegro is the most convenient shop,I have a guarantee of safe shopping on Allegro;1991
35707848;Desktop;5;3;3;2;No, I'm only browsing through available products;-;1975
35707637;Desktop;10;5;5;5;Yes, I want to select products that I will buy later;I have a guarantee of safe shopping on Allegro,Allegro is the cheapest,Allegro is the most convenient shop,There is no shop in my neighborhood that offers the products that I can find on Allegro,I have free delivery on Allegro;1957
35707496;Mobile Phone;8;3;4;4;Yes, I want to select products that I will buy later;There is no shop in my neighborhood that offers the products that I can find on Allegro;1983
35707248;Desktop;3;2;3;4;Yes, I want to buy something in the next few minutes;There is no shop in my neighborhood that offers the products that I can find on Allegro,Allegro is the most convenient shop,I have free delivery on Allegro;1962
35706428;Desktop;5;3;3;4;No, I'm only browsing through available products;-;1979
35706163;Tablet;10;4;4;4;No, I'm only browsing through available products;-;1974
35705956;Desktop;10;5;5;5;Yes, I want to select products that I will buy later;Allegro is the most convenient shop,I have free delivery on Allegro,I have a guarantee of safe shopping on Allegro,Allegro is the cheapest;1971
35705818;Mobile Phone;10;5;5;5;Yes, I want to select products that I will buy later;I have free delivery on Allegro,There is no shop in my neighborhood that offers the products that I can find on Allegro,I have a guarantee of safe shopping on Allegro;1980
35705669;Tablet;10;5;5;5;Yes, I want to select products that I will buy later;Allegro is the cheapest;1967
35705599;Desktop;10;5;5;5;No, I'm only browsing through available products;-;1976
35705211;Desktop;10;4;4;4;Yes, I want to select products that I will buy later;Allegro is the most convenient shop,I have free delivery on Allegro;1970
35704630;Desktop;10;4;3;5;Yes, I want to buy something in the next few minutes;There is no shop in my neighborhood that offers the products that I can find on Allegro;1993
35704575;Desktop;9;4;4;4;Yes, I want to select products that I will buy later;Allegro is the most convenient shop;1968
35704148;Mobile Phone;8;4;4;4;Yes, I want to select products that I will buy later;Allegro is the most convenient shop;1975
35703587;Desktop;10;5;4;4;Yes, I want to buy something in the next few minutes;There is no shop in my neighborhood that offers the products that I can find on Allegro,I have free delivery on Allegro;1977
35703425;Desktop;10;4;4;5;No, I'm only browsing through available products;-;1973
35703196;Desktop;10;5;5;5;Yes, I want to buy something in the next few minutes;There is no shop in my neighborhood that offers the products that I can find on Allegro,I have free delivery on Allegro,I have a guarantee of safe shopping on Allegro;1977
35702927;Desktop;10;4;4;5;No, I'm only browsing through available products;-;1971
35702016;Desktop;10;4;4;5;Yes, I want to select products that I will buy later;I have free delivery on Allegro,Allegro is the most convenient shop,Other reasons;111
35701674;Mobile Phone;2;2;1;1;Yes, I want to select products that I will buy later;Other reasons;1999
35701489;Desktop;10;5;5;5;Yes, I want to buy something in the next few minutes;Allegro is the cheapest;1971
35699184;Desktop;4;1;3;2;No, I'm only browsing through available products;-;ssss
35699104;Mobile Phone;0;1;1;1;No, I'm only browsing through available products;-;1999
35699053;Desktop;10;5;5;4;Yes, I want to buy something in the next few minutes;Allegro is the most convenient shop,Allegro is the cheapest,There is no shop in my neighborhood that offers the products that I can find on Allegro;1980
35698755;Mobile Phone;5;3;3;2;No, I'm only browsing through available products;-;1997
35697636;Desktop;10;4;4;4;Yes, I want to select products that I will buy later;Allegro is the most convenient shop,I have a guarantee of safe shopping on Allegro,I have free delivery on Allegro;1977
35697145;Desktop;10;4;5;4;Yes, I want to buy something in the next few minutes;Allegro is the most convenient shop,Allegro is the cheapest,I have free delivery on Allegro,I have a guarantee of safe shopping on Allegro;1990
35697005;Tablet;10;4;3;5;Yes, I want to buy something in the next few minutes;Allegro is the most convenient shop;1989
35696355;Desktop;10;4;3;4;Yes, I want to select products that I will buy later;I have free delivery on Allegro;1972
35696206;Mobile Phone;6;5;4;4;No, I'm only browsing through available products;-;1997
35696204;Desktop;10;4;4;5;No, I'm only browsing through available products;-;1993
35695871;Mobile Phone;10;5;5;5;No, I'm only browsing through available products;-;1978
35695789;Tablet;9;3;3;4;Yes, I want to select products that I will buy later;I have free delivery on Allegro;1989
35695691;Desktop;10;4;4;5;Yes, I want to select products that I will buy later;I have a guarantee of safe shopping on Allegro,Allegro is the most convenient shop,There is no shop in my neighborhood that offers the products that I can find on Allegro;1955
35695684;Desktop;8;3;5;5;Yes, I want to select products that I will buy later;Allegro is the most convenient shop,I have free delivery on Allegro,I have a guarantee of safe shopping on Allegro;1956
35695307;Desktop;10;4;4;5;Yes, I want to select products that I will buy later;Allegro is the most convenient shop,Allegro is the cheapest;2003
35694997;Desktop;9;4;3;4;Yes, I want to buy something in the next few minutes;I have a guarantee of safe shopping on Allegro,Allegro is the most convenient shop,I have free delivery on Allegro;1983
35694365;Desktop;10;5;4;4;Yes, I want to select products that I will buy later;I have a guarantee of safe shopping on Allegro;1956
35694252;Desktop;10;5;5;5;Yes, I want to select products that I will buy later;Allegro is the most convenient shop;1990
35694230;Mobile Phone;10;5;5;5;No, I'm only browsing through available products;-;1981
35693260;Desktop;10;3;5;5;Yes, I want to buy something in the next few minutes;Other reasons;1957
35693233;Mobile Phone;8;2;3;3;Yes, I want to select products that I will buy later;I have a guarantee of safe shopping on Allegro;1989
35692340;Desktop;10;4;4;5;Yes, I want to buy something in the next few minutes;Allegro is the most convenient shop;1968
35691322;Desktop;0;1;1;1;No, I'm only browsing through available products;-;1962
35690952;Tablet;10;5;5;5;Yes, I want to select products that I will buy later;Allegro is the cheapest;1977
35690889;Desktop;6;5;4;3;Yes, I want to select products that I will buy later;Allegro is the most convenient shop,I have free delivery on Allegro,There is no shop in my neighborhood that offers the products that I can find on Allegro;1993
35690772;Mobile Phone;10;3;3;5;Yes, I want to select products that I will buy later;Allegro is the most convenient shop;1998
35689858;Desktop;10;3;4;5;No, I'm only browsing through available products;-;1980
35689230;Desktop;10;5;4;5;Yes, I want to select products that I will buy later;Allegro is the most convenient shop,I have free delivery on Allegro,Allegro is the cheapest,I have a guarantee of safe shopping on Allegro;1965
35689020;Mobile Phone;10;5;5;5;No, I'm only browsing through available products;-;1961
35688752;Desktop;10;2;4;4;Yes, I want to buy something in the next few minutes;I have a guarantee of safe shopping on Allegro,Allegro is the most convenient shop;1984
35688348;Desktop;8;4;4;5;Yes, I want to select products that I will buy later;Allegro is the cheapest;1938
35688347;Mobile Phone;4;2;3;4;No, I'm only browsing through available products;-;1995
35688219;Mobile Phone;10;5;5;5;Yes, I want to select products that I will buy later;There is no shop in my neighborhood that offers the products that I can find on Allegro;1998
35687731;Desktop;10;5;5;5;No, I'm only browsing through available products;-;1944
35687687;Desktop;9;4;4;4;No, I'm only browsing through available products;-;8 o3
35687462;Mobile Phone;6;3;4;1;No, I'm only browsing through available products;-;1989
35687376;Mobile Phone;10;3;5;4;Yes, I want to select products that I will buy later;Allegro is the most convenient shop;1989
35687012;Mobile Phone;10;5;5;5;No, I'm only browsing through available products;-;45
35684938;Desktop;9;3;4;5;Yes, I want to select products that I will buy later;Allegro is the most convenient shop,I have free delivery on Allegro;1975
35684006;Mobile Phone;10;5;5;5;Yes, I want to buy something in the next few minutes;I have a guarantee of safe shopping on Allegro,There is no shop in my neighborhood that offers the products that I can find on Allegro,Allegro is the cheapest,Allegro is the most convenient shop;1985
35683841;Tablet;7;3;3;4;No, I'm only browsing through available products;-;1968
35683688;Mobile Phone;10;5;5;5;No, I'm only browsing through available products;-;1979
35683492;Tablet;10;4;4;5;Yes, I want to select products that I will buy later;I have free delivery on Allegro,I have a guarantee of safe shopping on Allegro;1960
35682755;Mobile Phone;10;4;4;5;Yes, I want to select products that I will buy later;Allegro is the most convenient shop;1992
35682360;Desktop;10;3;3;4;Yes, I want to select products that I will buy later;I have free delivery on Allegro,Allegro is the most convenient shop;2001
35682084;Desktop;6;1;3;3;Yes, I want to buy something in the next few minutes;Allegro is the most convenient shop;1968
35682015;Desktop;0;1;1;3;Yes, I want to select products that I will buy later;There is no shop in my neighborhood that offers the products that I can find on Allegro;1977
35680399;Mobile Phone;10;4;3;3;Yes, I want to select products that I will buy later;There is no shop in my neighborhood that offers the products that I can find on Allegro,Allegro is the most convenient shop;1900
35680360;Desktop;10;4;4;5;Yes, I want to buy something in the next few minutes;There is no shop in my neighborhood that offers the products that I can find on Allegro;1976
35680300;Desktop;10;4;4;5;Yes, I want to buy something in the next few minutes;I have a guarantee of safe shopping on Allegro;1991
35679525;Mobile Phone;10;4;4;5;Yes, I want to buy something in the next few minutes;There is no shop in my neighborhood that offers the products that I can find on Allegro,I have a guarantee of safe shopping on Allegro,Allegro is the most convenient shop;1998
35677967;Desktop;10;5;5;5;Yes, I want to select products that I will buy later;Allegro is the cheapest,I have free delivery on Allegro,I have a guarantee of safe shopping on Allegro,There is no shop in my neighborhood that offers the products that I can find on Allegro,Allegro is the most convenient shop;1961
35677905;Desktop;9;5;4;3;Yes, I want to buy something in the next few minutes;I have free delivery on Allegro,Allegro is the cheapest,Allegro is the most convenient shop,I have a guarantee of safe shopping on Allegro,There is no shop in my neighborhood that offers the products that I can find on Allegro;1992
35677242;Mobile Phone;10;3;5;5;Yes, I want to buy something in the next few minutes;Allegro is the most convenient shop;1964
35677217;Desktop;2;1;1;5;No, I'm only browsing through available products;-;1959
35677169;Mobile Phone;10;5;5;5;Yes, I want to buy something in the next few minutes;I have a guarantee of safe shopping on Allegro;1988
35676844;Desktop;10;5;4;3;No, I'm only browsing through available products;-;1983
35676303;Desktop;10;5;4;5;Yes, I want to select products that I will buy later;I have a guarantee of safe shopping on Allegro,Allegro is the most convenient shop,There is no shop in my neighborhood that offers the products that I can find on Allegro;1958
35676048;Mobile Phone;10;5;5;5;Yes, I want to select products that I will buy later;Allegro is the most convenient shop;1982
35675789;Desktop;8;4;4;4;No, I'm only browsing through available products;-;1983
35674487;Mobile Phone;8;4;4;4;No, I'm only browsing through available products;-;2000
35673523;Mobile Phone;10;3;4;5;No, I'm only browsing through available products;-;1993
35672312;Desktop;9;2;2;2;No, I'm only browsing through available products;-;1968
35671727;Desktop;10;5;4;5;No, I'm only browsing through available products;-;1987
35671539;Desktop;10;5;5;5;Yes, I want to select products that I will buy later;I have a guarantee of safe shopping on Allegro,Allegro is the cheapest;1944
35671361;Desktop;8;5;5;5;Yes, I want to buy something in the next few minutes;I have free delivery on Allegro,Allegro is the most convenient shop,Allegro is the cheapest;1953
35671177;Desktop;9;4;4;4;Yes, I want to select products that I will buy later;Allegro is the most convenient shop,I have a guarantee of safe shopping on Allegro,I have free delivery on Allegro;1970
35670736;Mobile Phone;0;1;1;1;No, I'm only browsing through available products;-;2000
35670073;Desktop;10;4;4;5;Yes, I want to buy something in the next few minutes;There is no shop in my neighborhood that offers the products that I can find on Allegro;1986
35669649;Desktop;10;5;5;5;No, I'm only browsing through available products;-;1970
35669591;Desktop;8;3;3;4;Yes, I want to select products that I will buy later;Allegro is the most convenient shop,There is no shop in my neighborhood that offers the products that I can find on Allegro;1974
35669246;Desktop;10;5;5;5;No, I'm only browsing through available products;-;1981
35668788;Desktop;10;5;5;5;Yes, I want to select products that I will buy later;Allegro is the most convenient shop;1982
35668425;Desktop;5;3;3;1;No, I'm only browsing through available products;-;1980
35667842;Desktop;10;4;4;5;No, I'm only browsing through available products;-;1988
35667797;Desktop;10;5;5;5;Yes, I want to buy something in the next few minutes;Allegro is the most convenient shop,I have a guarantee of safe shopping on Allegro;1952
35665070;Desktop;10;2;2;4;No, I'm only browsing through available products;-;1983
35664994;Desktop;10;5;5;5;No, I'm only browsing through available products;-;1064
35664578;TV;6;5;5;5;No, I'm only browsing through available products;-;1950
35663947;Desktop;7;3;4;5;Yes, I want to buy something in the next few minutes;There is no shop in my neighborhood that offers the products that I can find on Allegro;6969
35663865;Desktop;8;4;2;4;Yes, I want to select products that I will buy later;There is no shop in my neighborhood that offers the products that I can find on Allegro,Allegro is the most convenient shop,I have a guarantee of safe shopping on Allegro;1970
35663267;Mobile Phone;6;3;3;3;No, I'm only browsing through available products;-;1983
35663032;Desktop;10;4;4;4;No, I'm only browsing through available products;-;1979
35662239;Desktop;10;4;4;5;Yes, I want to select products that I will buy later;Allegro is the most convenient shop,Allegro is the cheapest;1972
35661905;Desktop;10;3;4;4;Yes, I want to buy something in the next few minutes;I have a guarantee of safe shopping on Allegro,I have free delivery on Allegro,There is no shop in my neighborhood that offers the products that I can find on Allegro,Allegro is the most convenient shop;1977
35661523;Desktop;10;5;5;5;No, I'm only browsing through available products;-;1986
35660156;Mobile Phone;3;2;3;2;No, I'm only browsing through available products;-;1898
35659910;Mobile Phone;9;2;1;4;Yes, I want to select products that I will buy later;There is no shop in my neighborhood that offers the products that I can find on Allegro;1983
35659142;Desktop;10;3;4;5;Yes, I want to buy something in the next few minutes;There is no shop in my neighborhood that offers the products that I can find on Allegro,I have free delivery on Allegro,Allegro is the most convenient shop,I have a guarantee of safe shopping on Allegro;1985
35658666;Mobile Phone;8;4;3;4;No, I'm only browsing through available products;-;1990
35658659;Desktop;0;1;3;1;No, I'm only browsing through available products;-;1890
35658529;Mobile Phone;10;5;5;5;Yes, I want to select products that I will buy later;Allegro is the cheapest,Allegro is the most convenient shop,I have free delivery on Allegro,There is no shop in my neighborhood that offers the products that I can find on Allegro;1987
35658334;Desktop;10;3;3;4;Yes, I want to select products that I will buy later;I have free delivery on Allegro;1992
35657730;Desktop;5;2;1;3;No, I'm only browsing through available products;-;1985
35657728;Desktop;10;3;3;5;Yes, I want to select products that I will buy later;I have a guarantee of safe shopping on Allegro,There is no shop in my neighborhood that offers the products that I can find on Allegro,I have free delivery on Allegro,Allegro is the most convenient shop;1990
35657435;Mobile Phone;10;5;5;5;Yes, I want to select products that I will buy later;Allegro is the cheapest,I have free delivery on Allegro,I have a guarantee of safe shopping on Allegro,There is no shop in my neighborhood that offers the products that I can find on Allegro,Allegro is the most convenient shop;1985
35657274;Desktop;1;1;2;1;No, I'm only browsing through available products;-;1900
35656811;Desktop;8;4;4;4;Yes, I want to select products that I will buy later;I have free delivery on Allegro,Allegro is the most convenient shop;26
35655788;Mobile Phone;10;4;4;5;No, I'm only browsing through available products;-;1994
35655763;Tablet;10;3;3;5;Yes, I want to select products that I will buy later;Allegro is the most convenient shop;1971
35655386;Mobile Phone;6;3;4;3;No, I'm only browsing through available products;-;1983
35655321;Desktop;10;5;5;5;No, I'm only browsing through available products;-;1965
35654797;Desktop;8;5;3;5;Yes, I want to select products that I will buy later;Allegro is the cheapest;1958
35654729;Tablet;10;5;5;5;Yes, I want to select products that I will buy later;I have a guarantee of safe shopping on Allegro;1973
35654532;Desktop;10;4;5;5;No, I'm only browsing through available products;-;1982
35654318;Tablet;10;5;5;5;No, I'm only browsing through available products;-;1979
35654292;Mobile Phone;10;4;4;5;No, I'm only browsing through available products;-;1992
35653855;Mobile Phone;10;4;3;4;Yes, I want to select products that I will buy later;Allegro is the most convenient shop;2000
35653549;Desktop;7;4;3;3;Yes, I want to select products that I will buy later;Allegro is the most convenient shop;1999
35652596;Desktop;6;1;1;3;No, I'm only browsing through available products;-;100
35652336;Mobile Phone;0;1;1;1;No, I'm only browsing through available products;-;1900
35652118;Desktop;8;3;3;4;No, I'm only browsing through available products;-;36
35652005;Desktop;9;5;5;5;Yes, I want to buy something in the next few minutes;Allegro is the cheapest;1972
35651625;Desktop;5;3;2;1;No, I'm only browsing through available products;-;1621
35651254;Desktop;10;5;5;5;Yes, I want to buy something in the next few minutes;Allegro is the most convenient shop;1986
35651140;Tablet;8;3;2;2;Yes, I want to select products that I will buy later;Other reasons;1952
35649768;Mobile Phone;10;5;5;5;Yes, I want to select products that I will buy later;Allegro is the most convenient shop;1996
35649577;Desktop;10;5;5;5;No, I'm only browsing through available products;-;1956
35649493;Desktop;10;4;4;4;No, I'm only browsing through available products;-;1975
35649020;Desktop;0;2;3;2;Yes, I want to select products that I will buy later;I have free delivery on Allegro;1970
35648867;Mobile Phone;10;5;5;5;Yes, I want to select products that I will buy later;Allegro is the most convenient shop;41
35648259;Desktop;10;5;5;5;Yes, I want to select products that I will buy later;I have a guarantee of safe shopping on Allegro;1968
35647760;Desktop;10;4;3;4;Yes, I want to select products that I will buy later;I have a guarantee of safe shopping on Allegro;1955
35647709;Mobile Phone;10;5;5;5;Yes, I want to select products that I will buy later;There is no shop in my neighborhood that offers the products that I can find on Allegro;1954
35647569;Desktop;9;3;4;5;Yes, I want to select products that I will buy later;Allegro is the most convenient shop;1981
35647101;Desktop;10;5;5;5;Yes, I want to buy something in the next few minutes;Allegro is the most convenient shop;2808
35647054;Desktop;7;3;2;4;Yes, I want to buy something in the next few minutes;Allegro is the most convenient shop;1976
35646450;Mobile Phone;10;5;5;5;Yes, I want to select products that I will buy later;Allegro is the cheapest,There is no shop in my neighborhood that offers the products that I can find on Allegro,Allegro is the most convenient shop,I have a guarantee of safe shopping on Allegro;1990
35646177;Tablet;10;5;5;5;Yes, I want to select products that I will buy later;I have a guarantee of safe shopping on Allegro,Allegro is the most convenient shop,I have free delivery on Allegro,There is no shop in my neighborhood that offers the products that I can find on Allegro,Allegro is the cheapest;1984
35645979;Desktop;10;3;4;5;Yes, I want to select products that I will buy later;There is no shop in my neighborhood that offers the products that I can find on Allegro,Allegro is the cheapest,Allegro is the most convenient shop,I have free delivery on Allegro;2000
35645603;Desktop;4;1;4;3;No, I'm only browsing through available products;-;1980
35645196;Desktop;2;2;1;1;No, I'm only browsing through available products;-;1970
35645013;Desktop;10;4;4;4;No, I'm only browsing through available products;-;1977
35643821;Desktop;10;5;4;5;Yes, I want to buy something in the next few minutes;Allegro is the most convenient shop,I have a guarantee of safe shopping on Allegro,I have free delivery on Allegro,Allegro is the cheapest;1943
35643625;Mobile Phone;10;3;4;4;No, I'm only browsing through available products;-;1998
35643047;Mobile Phone;10;2;4;2;No, I'm only browsing through available products;-;1979
35642414;Desktop;9;2;4;5;No, I'm only browsing through available products;-;1966
35642044;Desktop;9;4;5;5;No, I'm only browsing through available products;-;1977
35641888;Desktop;10;4;3;5;Yes, I want to select products that I will buy later;I have a guarantee of safe shopping on Allegro,Allegro is the most convenient shop,I have free delivery on Allegro,There is no shop in my neighborhood that offers the products that I can find on Allegro;1978
35641530;Desktop;10;5;5;5;Yes, I want to select products that I will buy later;Allegro is the most convenient shop,There is no shop in my neighborhood that offers the products that I can find on Allegro,Other reasons;1952
35641245;Desktop;8;3;3;4;Yes, I want to buy something in the next few minutes;I have a guarantee of safe shopping on Allegro;1983
35640973;Mobile Phone;10;4;3;3;No, I'm only browsing through available products;-;1980
35640864;Mobile Phone;10;5;5;5;Yes, I want to select products that I will buy later;There is no shop in my neighborhood that offers the products that I can find on Allegro,I have free delivery on Allegro,Allegro is the cheapest,Allegro is the most convenient shop;1977
35640853;Desktop;5;3;4;3;Yes, I want to select products that I will buy later;There is no shop in my neighborhood that offers the products that I can find on Allegro;2000
35640439;Mobile Phone;1;4;3;5;Yes, I want to select products that I will buy later;Allegro is the most convenient shop,I have a guarantee of safe shopping on Allegro;2000
35640389;Desktop;10;5;5;5;Yes, I want to buy something in the next few minutes;Allegro is the most convenient shop;1999
35640297;Mobile Phone;10;4;5;4;No, I'm only browsing through available products;-;1995
35640294;Mobile Phone;9;2;4;4;Yes, I want to select products that I will buy later;I have a guarantee of safe shopping on Allegro,Allegro is the most convenient shop;1974
35639988;Mobile Phone;10;3;3;5;Yes, I want to select products that I will buy later;I have a guarantee of safe shopping on Allegro;1997
35638957;Mobile Phone;10;5;5;5;Yes, I want to select products that I will buy later;I have a guarantee of safe shopping on Allegro,I have free delivery on Allegro;1974
35638694;Tablet;7;3;4;3;Yes, I want to select products that I will buy later;There is no shop in my neighborhood that offers the products that I can find on Allegro;1965
35638318;Desktop;10;5;5;5;Yes, I want to select products that I will buy later;Allegro is the cheapest;1964
35637890;Desktop;10;5;4;5;Yes, I want to buy something in the next few minutes;I have a guarantee of safe shopping on Allegro;1972
35637037;Desktop;10;5;5;5;No, I'm only browsing through available products;-;1973
35636982;Desktop;10;5;5;5;No, I'm only browsing through available products;-;1000
35636342;Desktop;9;3;3;4;No, I'm only browsing through available products;-;82
35635528;Mobile Phone;10;5;3;4;No, I'm only browsing through available products;-;1998
35635253;Desktop;4;1;3;4;Yes, I want to select products that I will buy later;There is no shop in my neighborhood that offers the products that I can find on Allegro;97
35634870;Desktop;8;4;4;4;Yes, I want to select products that I will buy later;There is no shop in my neighborhood that offers the products that I can find on Allegro;1966
35634537;Desktop;10;3;3;4;No, I'm only browsing through available products;-;2001
35634390;Desktop;10;3;4;4;No, I'm only browsing through available products;-;4567
35634126;Mobile Phone;10;3;4;5;Yes, I want to select products that I will buy later;I have free delivery on Allegro,Allegro is the cheapest,Allegro is the most convenient shop,I have a guarantee of safe shopping on Allegro;2002
35633894;Mobile Phone;10;5;5;5;No, I'm only browsing through available products;-;1991
35633547;Desktop;9;4;3;4;No, I'm only browsing through available products;-;1966
35633386;Desktop;10;4;5;5;Yes, I want to select products that I will buy later;I have free delivery on Allegro,Other reasons;1977
35633049;Mobile Phone;10;5;5;3;Yes, I want to select products that I will buy later;Allegro is the cheapest,There is no shop in my neighborhood that offers the products that I can find on Allegro;1998
35632874;Mobile Phone;10;5;5;5;Yes, I want to select products that I will buy later;I have free delivery on Allegro,Allegro is the cheapest,Allegro is the most convenient shop,I have a guarantee of safe shopping on Allegro;1972
35632329;Desktop;7;3;4;4;No, I'm only browsing through available products;-;1977
35632162;Desktop;8;3;3;4;No, I'm only browsing through available products;-;1974
35632047;Mobile Phone;10;3;5;5;No, I'm only browsing through available products;-;1997
35631278;Mobile Phone;10;4;4;5;No, I'm only browsing through available products;-;1980
35630664;Desktop;10;4;5;5;No, I'm only browsing through available products;-;1993
35630134;Desktop;10;5;5;5;No, I'm only browsing through available products;-;1983
35629231;Desktop;1;1;2;2;No, I'm only browsing through available products;-;1987
35629221;Mobile Phone;10;4;4;5;No, I'm only browsing through available products;-;1999
35628861;Desktop;5;2;1;2;No, I'm only browsing through available products;-;1963
35627689;Mobile Phone;5;4;1;2;Yes, I want to select products that I will buy later;Other reasons;2000
35627249;Mobile Phone;8;3;5;5;Yes, I want to select products that I will buy later;Allegro is the most convenient shop;1987
35627151;Mobile Phone;10;5;5;5;Yes, I want to select products that I will buy later;Allegro is the most convenient shop,There is no shop in my neighborhood that offers the products that I can find on Allegro,I have free delivery on Allegro;1989
35627147;Mobile Phone;8;4;4;4;Yes, I want to select products that I will buy later;I have a guarantee of safe shopping on Allegro;1980
35627143;Tablet;10;5;5;5;No, I'm only browsing through available products;-;1957
35626585;Mobile Phone;10;5;5;5;Yes, I want to buy something in the next few minutes;Allegro is the cheapest;1986
35626315;Desktop;7;5;5;5;Yes, I want to select products that I will buy later;Allegro is the most convenient shop;1954
35626160;Mobile Phone;0;1;1;1;No, I'm only browsing through available products;-;1970
35626113;Tablet;10;5;5;5;Yes, I want to select products that I will buy later;Allegro is the most convenient shop;1973
35625876;Desktop;10;5;5;5;Yes, I want to buy something in the next few minutes;Allegro is the cheapest;1952
35625565;Desktop;10;5;4;3;Yes, I want to buy something in the next few minutes;I have a guarantee of safe shopping on Allegro;1977
35624638;Desktop;7;1;3;4;Yes, I want to buy something in the next few minutes;There is no shop in my neighborhood that offers the products that I can find on Allegro,I have free delivery on Allegro;1992
35624283;Desktop;10;5;4;4;Yes, I want to select products that I will buy later;I have a guarantee of safe shopping on Allegro;1952
35624103;Desktop;10;4;4;5;No, I'm only browsing through available products;-;40
35623651;Desktop;10;4;5;5;Yes, I want to buy something in the next few minutes;Allegro is the most convenient shop;1971
35623381;Mobile Phone;8;4;4;4;No, I'm only browsing through available products;-;1988
35622183;Desktop;5;2;2;3;Yes, I want to select products that I will buy later;I have free delivery on Allegro,Allegro is the most convenient shop,I have a guarantee of safe shopping on Allegro;1972
35621412;Desktop;10;5;4;2;Yes, I want to buy something in the next few minutes;I have free delivery on Allegro;1983
35621333;Desktop;10;4;5;5;Yes, I want to buy something in the next few minutes;I have a guarantee of safe shopping on Allegro,I have free delivery on Allegro,There is no shop in my neighborhood that offers the products that I can find on Allegro,Allegro is the most convenient shop;1953
35621182;Mobile Phone;9;3;4;5;No, I'm only browsing through available products;-;1985
35620877;Desktop;9;4;4;3;No, I'm only browsing through available products;-;1976
35620779;Mobile Phone;7;4;2;5;Yes, I want to select products that I will buy later;There is no shop in my neighborhood that offers the products that I can find on Allegro;1970
35620537;Desktop;10;5;5;5;Yes, I want to select products that I will buy later;I have a guarantee of safe shopping on Allegro,Allegro is the most convenient shop,Allegro is the cheapest,I have free delivery on Allegro;1956
35620217;Desktop;10;3;5;5;No, I'm only browsing through available products;-;1979
35620044;Desktop;10;5;5;5;Yes, I want to select products that I will buy later;I have a guarantee of safe shopping on Allegro,Allegro is the most convenient shop,I have free delivery on Allegro;83
35619411;Mobile Phone;10;4;5;3;Yes, I want to select products that I will buy later;I have free delivery on Allegro;1989
35619299;Mobile Phone;10;4;3;4;Yes, I want to select products that I will buy later;Allegro is the most convenient shop;1973
35618664;Desktop;10;4;4;5;No, I'm only browsing through available products;-;1956
35618563;Desktop;10;3;5;5;Yes, I want to buy something in the next few minutes;Allegro is the most convenient shop,I have free delivery on Allegro,There is no shop in my neighborhood that offers the products that I can find on Allegro;1983
35618259;Desktop;10;5;4;5;Yes, I want to select products that I will buy later;I have free delivery on Allegro;1978
35618204;Desktop;10;5;5;5;Yes, I want to buy something in the next few minutes;Allegro is the most convenient shop,Allegro is the cheapest,I have a guarantee of safe shopping on Allegro;1980
35617645;Tablet;10;5;5;5;Yes, I want to buy something in the next few minutes;There is no shop in my neighborhood that offers the products that I can find on Allegro,Allegro is the most convenient shop,Allegro is the cheapest;49
35617540;Desktop;8;3;2;1;Yes, I want to select products that I will buy later;I have a guarantee of safe shopping on Allegro,Allegro is the most convenient shop;1982
35617052;Mobile Phone;8;5;4;5;Yes, I want to select products that I will buy later;I have free delivery on Allegro,Allegro is the cheapest,I have a guarantee of safe shopping on Allegro;1982
35616426;Mobile Phone;10;5;5;5;Yes, I want to select products that I will buy later;Allegro is the cheapest;1976
35615228;Desktop;9;4;3;4;Yes, I want to select products that I will buy later;Allegro is the most convenient shop,I have free delivery on Allegro;1985
35614869;Desktop;10;5;5;3;Yes, I want to select products that I will buy later;I have free delivery on Allegro,Allegro is the most convenient shop,Allegro is the cheapest,I have a guarantee of safe shopping on Allegro,There is no shop in my neighborhood that offers the products that I can find on Allegro,Other reasons;1971
35614571;Mobile Phone;7;4;3;4;Yes, I want to buy something in the next few minutes;There is no shop in my neighborhood that offers the products that I can find on Allegro;1962
35613998;Mobile Phone;10;4;5;5;Yes, I want to select products that I will buy later;There is no shop in my neighborhood that offers the products that I can find on Allegro;1990
35613943;Mobile Phone;5;1;3;3;Yes, I want to buy something in the next few minutes;There is no shop in my neighborhood that offers the products that I can find on Allegro;1993
35613329;Desktop;10;5;5;5;No, I'm only browsing through available products;-;1970
35613220;Desktop;10;4;5;4;No, I'm only browsing through available products;-;42
35612847;Mobile Phone;10;3;3;5;Yes, I want to buy something in the next few minutes;Allegro is the most convenient shop;1984
35612799;Mobile Phone;7;3;4;3;Yes, I want to select products that I will buy later;Allegro is the most convenient shop;2001
35612745;Mobile Phone;10;5;5;5;No, I'm only browsing through available products;-;2000
35612710;Desktop;10;5;5;5;Yes, I want to buy something in the next few minutes;Allegro is the cheapest,I have free delivery on Allegro;1992
35611248;Desktop;10;5;5;5;Yes, I want to select products that I will buy later;I have a guarantee of safe shopping on Allegro,Allegro is the most convenient shop,Allegro is the cheapest;1969
35610866;Desktop;9;1;2;3;No, I'm only browsing through available products;-;1971
35610800;Desktop;7;3;4;4;No, I'm only browsing through available products;-;1964
35610784;Mobile Phone;8;4;4;4;No, I'm only browsing through available products;-;1999
35610379;Desktop;8;3;4;4;No, I'm only browsing through available products;-;1965
35610357;Desktop;10;3;5;5;Yes, I want to select products that I will buy later;I have a guarantee of safe shopping on Allegro,There is no shop in my neighborhood that offers the products that I can find on Allegro;1975
35609835;Mobile Phone;8;3;4;4;Yes, I want to select products that I will buy later;I have a guarantee of safe shopping on Allegro,Allegro is the most convenient shop,There is no shop in my neighborhood that offers the products that I can find on Allegro;2001
35609556;Tablet;10;5;5;5;Yes, I want to select products that I will buy later;Allegro is the cheapest,Allegro is the most convenient shop,I have free delivery on Allegro,I have a guarantee of safe shopping on Allegro,There is no shop in my neighborhood that offers the products that I can find on Allegro;1961
35609497;Mobile Phone;10;5;5;5;Yes, I want to buy something in the next few minutes;I have free delivery on Allegro,Allegro is the most convenient shop,Allegro is the cheapest;1990
35609231;Desktop;10;5;4;5;Yes, I want to buy something in the next few minutes;Allegro is the most convenient shop,I have a guarantee of safe shopping on Allegro,I have free delivery on Allegro;42
35608046;Set Top Box;10;3;5;5;Yes, I want to select products that I will buy later;I have a guarantee of safe shopping on Allegro;1962
35607982;Desktop;10;5;5;5;Yes, I want to buy something in the next few minutes;Allegro is the cheapest,Allegro is the most convenient shop,I have a guarantee of safe shopping on Allegro,I have free delivery on Allegro;1970
35607795;Mobile Phone;9;5;5;4;Yes, I want to select products that I will buy later;Allegro is the most convenient shop,There is no shop in my neighborhood that offers the products that I can find on Allegro,I have free delivery on Allegro,Allegro is the cheapest,I have a guarantee of safe shopping on Allegro;1980
35606357;Mobile Phone;6;4;4;4;Yes, I want to select products that I will buy later;There is no shop in my neighborhood that offers the products that I can find on Allegro;1987
35605028;Desktop;10;5;5;5;Yes, I want to select products that I will buy later;I have free delivery on Allegro,There is no shop in my neighborhood that offers the products that I can find on Allegro,Allegro is the most convenient shop,I have a guarantee of safe shopping on Allegro,Allegro is the cheapest;1970
35604890;Mobile Phone;10;5;4;5;No, I'm only browsing through available products;-;1995
35604577;Desktop;10;5;5;5;Yes, I want to select products that I will buy later;I have free delivery on Allegro;1982
35604257;Mobile Phone;9;5;4;4;No, I'm only browsing through available products;-;2000
35603862;Mobile Phone;5;3;4;4;Yes, I want to select products that I will buy later;There is no shop in my neighborhood that offers the products that I can find on Allegro;1975
35603835;Mobile Phone;8;3;5;5;Yes, I want to select products that I will buy later;I have free delivery on Allegro,Allegro is the most convenient shop;1994
35603802;Mobile Phone;0;1;3;1;Yes, I want to buy something in the next few minutes;There is no shop in my neighborhood that offers the products that I can find on Allegro;Huj
35603654;Desktop;10;3;4;5;Yes, I want to select products that I will buy later;There is no shop in my neighborhood that offers the products that I can find on Allegro,I have a guarantee of safe shopping on Allegro,I have free delivery on Allegro,Allegro is the most convenient shop;1982
35603612;Mobile Phone;10;3;4;5;Yes, I want to buy something in the next few minutes;Allegro is the most convenient shop,Allegro is the cheapest;2001
35602666;Mobile Phone;10;4;4;4;Yes, I want to select products that I will buy later;There is no shop in my neighborhood that offers the products that I can find on Allegro;1985
35602295;Desktop;8;4;4;4;Yes, I want to buy something in the next few minutes;I have a guarantee of safe shopping on Allegro,Allegro is the most convenient shop,I have free delivery on Allegro,Allegro is the cheapest;1976
35602103;Desktop;10;4;4;4;No, I'm only browsing through available products;-;1958
35601442;Desktop;7;3;2;2;No, I'm only browsing through available products;-;1955
35601429;Desktop;10;5;5;5;Yes, I want to buy something in the next few minutes;Allegro is the most convenient shop,I have free delivery on Allegro,Allegro is the cheapest;1980
35601304;Mobile Phone;10;4;4;5;Yes, I want to buy something in the next few minutes;There is no shop in my neighborhood that offers the products that I can find on Allegro;1990
35601037;Desktop;9;4;4;5;No, I'm only browsing through available products;-;35
35600681;Mobile Phone;9;4;5;3;Yes, I want to buy something in the next few minutes;Allegro is the cheapest,There is no shop in my neighborhood that offers the products that I can find on Allegro,Allegro is the most convenient shop;1984
35600426;Mobile Phone;10;5;5;5;No, I'm only browsing through available products;-;1976
35600267;Desktop;7;3;2;3;No, I'm only browsing through available products;-;1970
35599758;Mobile Phone;10;4;5;4;No, I'm only browsing through available products;-;1989
35599286;Desktop;10;5;5;5;Yes, I want to buy something in the next few minutes;I have a guarantee of safe shopping on Allegro;1966
35599185;Desktop;8;3;2;5;Yes, I want to select products that I will buy later;There is no shop in my neighborhood that offers the products that I can find on Allegro;2003
35599042;Mobile Phone;8;3;3;5;No, I'm only browsing through available products;-;1985
35598731;Mobile Phone;10;5;5;5;Yes, I want to select products that I will buy later;There is no shop in my neighborhood that offers the products that I can find on Allegro;1988
35598591;Mobile Phone;7;3;4;3;Yes, I want to buy something in the next few minutes;There is no shop in my neighborhood that offers the products that I can find on Allegro;1985
35598496;Desktop;7;2;4;4;No, I'm only browsing through available products;-;1965
35598409;Desktop;10;4;4;5;No, I'm only browsing through available products;-;1986
35598186;Mobile Phone;2;2;2;3;Yes, I want to select products that I will buy later;There is no shop in my neighborhood that offers the products that I can find on Allegro;1974
35597898;Mobile Phone;10;5;5;5;Yes, I want to select products that I will buy later;Allegro is the most convenient shop;30
35597752;Mobile Phone;10;2;4;5;Yes, I want to select products that I will buy later;Allegro is the most convenient shop,I have a guarantee of safe shopping on Allegro,I have free delivery on Allegro;1977
35597396;Desktop;6;3;3;5;Yes, I want to select products that I will buy later;There is no shop in my neighborhood that offers the products that I can find on Allegro;1977
35597141;Desktop;5;3;4;2;Yes, I want to select products that I will buy later;I have free delivery on Allegro;1971
35596853;Desktop;7;2;2;5;No, I'm only browsing through available products;-;1999
35596705;Mobile Phone;8;4;4;4;Yes, I want to buy something in the next few minutes;I have free delivery on Allegro,Allegro is the most convenient shop;1978
35596489;Mobile Phone;5;4;3;4;Yes, I want to select products that I will buy later;Allegro is the most convenient shop,Allegro is the cheapest,I have free delivery on Allegro,There is no shop in my neighborhood that offers the products that I can find on Allegro;1997
35596398;Mobile Phone;9;5;5;5;No, I'm only browsing through available products;-;1986
35596249;Desktop;10;5;5;5;Yes, I want to buy something in the next few minutes;I have free delivery on Allegro,Allegro is the cheapest,Allegro is the most convenient shop;1973
35596209;Mobile Phone;7;3;2;3;Yes, I want to select products that I will buy later;Allegro is the most convenient shop;1970
35595467;Mobile Phone;10;4;4;3;Yes, I want to select products that I will buy later;Allegro is the cheapest,There is no shop in my neighborhood that offers the products that I can find on Allegro,I have free delivery on Allegro,I have a guarantee of safe shopping on Allegro;2000
35595454;Mobile Phone;7;3;2;3;No, I'm only browsing through available products;-;1964
35595208;Desktop;10;5;5;5;No, I'm only browsing through available products;-;1964
35595125;Desktop;10;5;3;2;Yes, I want to buy something in the next few minutes;Allegro is the most convenient shop;1979
35594650;Desktop;10;5;4;5;Yes, I want to buy something in the next few minutes;Allegro is the most convenient shop,I have a guarantee of safe shopping on Allegro,Allegro is the cheapest;1959
35594319;Desktop;9;4;5;5;No, I'm only browsing through available products;-;1972
35594220;Desktop;10;4;3;3;Yes, I want to select products that I will buy later;Allegro is the most convenient shop;1970
35594175;Desktop;10;4;4;5;No, I'm only browsing through available products;-;1977
35594085;Desktop;10;5;5;5;No, I'm only browsing through available products;-;1977
35593971;Desktop;9;4;3;3;Yes, I want to buy something in the next few minutes;I have a guarantee of safe shopping on Allegro;1964
35593922;Desktop;10;5;5;5;Yes, I want to buy something in the next few minutes;I have a guarantee of safe shopping on Allegro;46
35593910;Desktop;9;3;4;4;No, I'm only browsing through available products;-;1965
35593876;Desktop;10;1;1;4;Yes, I want to buy something in the next few minutes;There is no shop in my neighborhood that offers the products that I can find on Allegro,I have free delivery on Allegro,Allegro is the most convenient shop,I have a guarantee of safe shopping on Allegro;1975
35593815;Desktop;10;5;5;5;No, I'm only browsing through available products;-;1966
35593698;Mobile Phone;0;1;3;1;No, I'm only browsing through available products;-;23
35593475;Mobile Phone;10;5;5;5;Yes, I want to buy something in the next few minutes;Allegro is the cheapest;1988
35593310;Mobile Phone;10;5;4;4;Yes, I want to select products that I will buy later;There is no shop in my neighborhood that offers the products that I can find on Allegro,Allegro is the cheapest,I have free delivery on Allegro;44
35592286;Mobile Phone;1;2;1;1;Yes, I want to select products that I will buy later;Other reasons;1996
35592262;Desktop;10;5;4;4;No, I'm only browsing through available products;-;1959
35592241;Mobile Phone;4;1;5;1;Yes, I want to buy something in the next few minutes;I have free delivery on Allegro;1978
35591937;Desktop;8;3;3;3;Yes, I want to buy something in the next few minutes;Allegro is the most convenient shop;1964
35590958;Desktop;8;3;4;5;Yes, I want to select products that I will buy later;I have free delivery on Allegro,There is no shop in my neighborhood that offers the products that I can find on Allegro,Allegro is the most convenient shop,I have a guarantee of safe shopping on Allegro;1980
35590747;Desktop;4;3;3;4;No, I'm only browsing through available products;-;1981
35590654;Desktop;0;1;1;1;No, I'm only browsing through available products;-;1372
35590181;Desktop;7;2;4;5;Yes, I want to buy something in the next few minutes;Other reasons;2002
35590021;Desktop;8;5;5;5;Yes, I want to buy something in the next few minutes;There is no shop in my neighborhood that offers the products that I can find on Allegro;1992
35589992;Desktop;10;5;5;5;No, I'm only browsing through available products;-;1961
35589325;Desktop;6;3;3;4;Yes, I want to buy something in the next few minutes;There is no shop in my neighborhood that offers the products that I can find on Allegro;1975
35589301;Desktop;10;3;3;5;Yes, I want to select products that I will buy later;There is no shop in my neighborhood that offers the products that I can find on Allegro,I have free delivery on Allegro,Allegro is the most convenient shop;1965
35589052;Mobile Phone;5;2;3;2;No, I'm only browsing through available products;-;2002
35588909;Desktop;8;3;4;5;No, I'm only browsing through available products;-;1963
35588749;Mobile Phone;8;4;4;4;Yes, I want to select products that I will buy later;I have a guarantee of safe shopping on Allegro,Allegro is the most convenient shop,There is no shop in my neighborhood that offers the products that I can find on Allegro;1990
35588715;Desktop;10;5;5;5;Yes, I want to buy something in the next few minutes;There is no shop in my neighborhood that offers the products that I can find on Allegro;1976
35588700;Desktop;0;1;1;1;No, I'm only browsing through available products;-;1976
35587904;Desktop;10;4;4;5;No, I'm only browsing through available products;-;1955
35587887;Desktop;10;3;4;4;No, I'm only browsing through available products;-;1962
35587426;Desktop;5;5;5;5;Yes, I want to select products that I will buy later;Allegro is the most convenient shop;42
35587229;Desktop;10;5;5;5;Yes, I want to select products that I will buy later;Allegro is the cheapest,There is no shop in my neighborhood that offers the products that I can find on Allegro,I have free delivery on Allegro,Allegro is the most convenient shop;1977
35587052;Desktop;8;4;4;4;No, I'm only browsing through available products;-;1958
35586301;Mobile Phone;9;3;2;4;Yes, I want to select products that I will buy later;Allegro is the most convenient shop,There is no shop in my neighborhood that offers the products that I can find on Allegro;1988
35586006;Desktop;10;5;5;5;Yes, I want to buy something in the next few minutes;Allegro is the most convenient shop;1975
35585818;Desktop;9;3;4;4;Yes, I want to buy something in the next few minutes;Allegro is the most convenient shop;1971
35585524;Desktop;10;2;2;5;No, I'm only browsing through available products;-;1970
35585499;Desktop;9;3;3;4;Yes, I want to select products that I will buy later;I have free delivery on Allegro,I have a guarantee of safe shopping on Allegro,Allegro is the most convenient shop;49
35585294;Mobile Phone;10;5;5;5;No, I'm only browsing through available products;-;1986
35585214;Desktop;10;5;5;5;No, I'm only browsing through available products;-;1984
35584980;Mobile Phone;8;2;3;3;Yes, I want to select products that I will buy later;Allegro is the most convenient shop,I have a guarantee of safe shopping on Allegro;5
35584617;Desktop;8;3;4;4;Yes, I want to buy something in the next few minutes;Allegro is the most convenient shop,I have free delivery on Allegro,There is no shop in my neighborhood that offers the products that I can find on Allegro;1977
35583962;Mobile Phone;8;3;5;5;Yes, I want to select products that I will buy later;Allegro is the most convenient shop;1980
35583492;Desktop;9;5;5;5;Yes, I want to buy something in the next few minutes;Allegro is the most convenient shop,I have free delivery on Allegro,There is no shop in my neighborhood that offers the products that I can find on Allegro,Allegro is the cheapest;1976
35583485;Desktop;10;5;4;5;Yes, I want to buy something in the next few minutes;Allegro is the most convenient shop,I have free delivery on Allegro,There is no shop in my neighborhood that offers the products that I can find on Allegro,I have a guarantee of safe shopping on Allegro,Allegro is the cheapest;1973
35583325;Desktop;10;5;5;5;No, I'm only browsing through available products;-;1970
35582726;Desktop;10;5;3;4;Yes, I want to buy something in the next few minutes;I have free delivery on Allegro;1969
35582584;Desktop;4;2;3;4;No, I'm only browsing through available products;-;1984
35582080;Desktop;9;4;3;4;Yes, I want to select products that I will buy later;Allegro is the most convenient shop,I have a guarantee of safe shopping on Allegro,Allegro is the cheapest;1992
35580932;Desktop;5;2;5;1;Yes, I want to select products that I will buy later;Allegro is the most convenient shop,I have a guarantee of safe shopping on Allegro,There is no shop in my neighborhood that offers the products that I can find on Allegro,I have free delivery on Allegro;1991
35580834;Mobile Phone;7;4;4;5;No, I'm only browsing through available products;-;1986
35580219;Mobile Phone;10;5;5;5;Yes, I want to select products that I will buy later;Allegro is the most convenient shop,Allegro is the cheapest,I have a guarantee of safe shopping on Allegro;2000
35579838;Desktop;10;5;5;5;No, I'm only browsing through available products;-;1977
35579465;Desktop;10;5;5;5;Yes, I want to buy something in the next few minutes;I have free delivery on Allegro;1972
35579269;Desktop;9;5;4;5;Yes, I want to select products that I will buy later;I have free delivery on Allegro;1974
35579043;Desktop;7;3;4;4;No, I'm only browsing through available products;-;1953
35578186;Desktop;10;3;3;5;Yes, I want to select products that I will buy later;I have a guarantee of safe shopping on Allegro,There is no shop in my neighborhood that offers the products that I can find on Allegro,Allegro is the most convenient shop;1975
35578096;Desktop;8;2;3;3;Yes, I want to select products that I will buy later;There is no shop in my neighborhood that offers the products that I can find on Allegro,I have free delivery on Allegro;1967
35577867;Desktop;4;2;3;3;Yes, I want to select products that I will buy later;I have a guarantee of safe shopping on Allegro;1977
35577793;Desktop;10;5;5;5;Yes, I want to select products that I will buy later;Allegro is the most convenient shop;1998
35577074;Desktop;2;1;2;2;No, I'm only browsing through available products;-;1909
35576746;Mobile Phone;3;2;1;3;Yes, I want to select products that I will buy later;Other reasons;2001
35576594;Mobile Phone;9;3;4;3;No, I'm only browsing through available products;-;1990
35576517;Mobile Phone;5;3;3;2;No, I'm only browsing through available products;-;1989
35576453;Mobile Phone;10;4;5;5;Yes, I want to select products that I will buy later;There is no shop in my neighborhood that offers the products that I can find on Allegro;1982
35576416;Desktop;10;5;4;4;Yes, I want to select products that I will buy later;Allegro is the cheapest,I have free delivery on Allegro,I have a guarantee of safe shopping on Allegro;1977
35576279;Mobile Phone;1;1;4;2;No, I'm only browsing through available products;-;1984
35576090;Desktop;10;4;4;5;Yes, I want to select products that I will buy later;Allegro is the most convenient shop;1978
35575900;Desktop;10;3;5;4;No, I'm only browsing through available products;-;1984
35575648;Desktop;10;4;3;5;No, I'm only browsing through available products;-;1984
35575556;Desktop;10;4;4;4;Yes, I want to buy something in the next few minutes;I have free delivery on Allegro,Allegro is the cheapest,Allegro is the most convenient shop;1987
35575374;Desktop;8;4;3;4;Yes, I want to select products that I will buy later;Allegro is the most convenient shop;71
35575130;Desktop;10;5;4;5;No, I'm only browsing through available products;-;1970
35574318;Desktop;8;4;4;5;Yes, I want to select products that I will buy later;Allegro is the most convenient shop;1984
35573909;Mobile Phone;9;4;5;5;Yes, I want to select products that I will buy later;Allegro is the most convenient shop;1984
35573475;Desktop;10;3;4;4;Yes, I want to select products that I will buy later;Allegro is the most convenient shop,There is no shop in my neighborhood that offers the products that I can find on Allegro;1960
35573451;Desktop;10;5;5;5;Yes, I want to buy something in the next few minutes;I have free delivery on Allegro;1980
35572726;Mobile Phone;5;2;3;4;Yes, I want to select products that I will buy later;There is no shop in my neighborhood that offers the products that I can find on Allegro;1999
35572233;Desktop;8;3;3;5;Yes, I want to select products that I will buy later;Allegro is the most convenient shop,I have a guarantee of safe shopping on Allegro;1982
35572118;Desktop;10;5;5;5;Yes, I want to buy something in the next few minutes;I have a guarantee of safe shopping on Allegro;1977
35571830;Mobile Phone;10;4;4;5;No, I'm only browsing through available products;-;1989
35571702;Desktop;10;5;5;5;Yes, I want to buy something in the next few minutes;Allegro is the cheapest;1982
35570923;Desktop;10;5;4;5;No, I'm only browsing through available products;-;1974
35570417;Desktop;9;4;4;4;Yes, I want to buy something in the next few minutes;I have a guarantee of safe shopping on Allegro;1981
35570389;Desktop;9;3;3;5;No, I'm only browsing through available products;-;1962
35570248;Desktop;10;5;5;5;Yes, I want to buy something in the next few minutes;I have a guarantee of safe shopping on Allegro;1986
35569859;Desktop;10;5;5;5;Yes, I want to buy something in the next few minutes;Allegro is the most convenient shop;1973
35569278;Mobile Phone;6;5;4;5;Yes, I want to select products that I will buy later;Allegro is the most convenient shop,I have a guarantee of safe shopping on Allegro;1973
35568753;Desktop;10;4;4;4;No, I'm only browsing through available products;-;1981
35568526;Desktop;9;4;5;2;Yes, I want to select products that I will buy later;I have a guarantee of safe shopping on Allegro;1982
35568227;Desktop;9;4;2;3;No, I'm only browsing through available products;-;1975
35567818;Mobile Phone;10;5;5;5;Yes, I want to buy something in the next few minutes;Allegro is the cheapest;1987
35567153;Desktop;10;5;5;5;No, I'm only browsing through available products;-;1955
35566822;Desktop;10;4;4;5;Yes, I want to select products that I will buy later;I have a guarantee of safe shopping on Allegro,Allegro is the most convenient shop,Allegro is the cheapest,I have free delivery on Allegro;1973
35566818;Desktop;7;3;4;4;No, I'm only browsing through available products;-;2001
35566368;Mobile Phone;9;3;4;4;Yes, I want to buy something in the next few minutes;I have a guarantee of safe shopping on Allegro;1987
35565287;Desktop;10;5;5;5;No, I'm only browsing through available products;-;1941
35564908;Desktop;10;4;4;4;Yes, I want to buy something in the next few minutes;I have a guarantee of safe shopping on Allegro,I have free delivery on Allegro,Allegro is the cheapest;1981
35564855;Desktop;9;4;4;4;No, I'm only browsing through available products;-;1960
35564699;Desktop;10;5;5;5;Yes, I want to select products that I will buy later;Allegro is the most convenient shop,Allegro is the cheapest,There is no shop in my neighborhood that offers the products that I can find on Allegro;1985
35564172;Desktop;9;5;4;5;Yes, I want to select products that I will buy later;I have a guarantee of safe shopping on Allegro;1976
35563827;Desktop;10;4;4;5;Yes, I want to select products that I will buy later;There is no shop in my neighborhood that offers the products that I can find on Allegro;1973
35563716;Desktop;8;4;4;3;No, I'm only browsing through available products;-;1966
35563659;Mobile Phone;8;5;3;4;No, I'm only browsing through available products;-;1970
35563523;Desktop;10;5;5;4;Yes, I want to select products that I will buy later;Allegro is the most convenient shop,I have free delivery on Allegro,Allegro is the cheapest,I have a guarantee of safe shopping on Allegro;1989
35563429;Desktop;9;3;3;5;Yes, I want to buy something in the next few minutes;I have free delivery on Allegro;1982
35563202;Mobile Phone;2;1;1;1;No, I'm only browsing through available products;-;1974
35563027;Mobile Phone;7;3;3;4;Yes, I want to select products that I will buy later;I have free delivery on Allegro;1994
35562463;Desktop;5;5;4;4;Yes, I want to select products that I will buy later;I have free delivery on Allegro;1953
35562339;Desktop;3;1;1;1;No, I'm only browsing through available products;-;1986
35562197;Mobile Phone;7;2;3;4;Yes, I want to select products that I will buy later;I have free delivery on Allegro,There is no shop in my neighborhood that offers the products that I can find on Allegro;1994
35562185;Desktop;10;4;5;5;Yes, I want to buy something in the next few minutes;Allegro is the most convenient shop;1970
35562056;Desktop;9;3;4;3;Yes, I want to select products that I will buy later;I have a guarantee of safe shopping on Allegro;1893
35561098;Mobile Phone;10;3;1;2;Yes, I want to select products that I will buy later;Allegro is the most convenient shop,I have a guarantee of safe shopping on Allegro;1982
35560745;Desktop;10;5;5;5;No, I'm only browsing through available products;-;1967
35560351;Mobile Phone;9;5;5;5;Yes, I want to buy something in the next few minutes;Allegro is the cheapest,Allegro is the most convenient shop;1977
35559942;Mobile Phone;3;1;1;1;No, I'm only browsing through available products;-;1996
35559833;Desktop;10;5;5;5;No, I'm only browsing through available products;-;1970
35559802;Mobile Phone;8;3;4;5;Yes, I want to select products that I will buy later;I have free delivery on Allegro,Allegro is the most convenient shop;1997
35559777;Desktop;10;4;5;5;Yes, I want to select products that I will buy later;Allegro is the most convenient shop,I have free delivery on Allegro,Allegro is the cheapest;1978
35559607;Desktop;10;3;4;5;Yes, I want to select products that I will buy later;Allegro is the most convenient shop;1974
35558988;Mobile Phone;10;3;3;3;No, I'm only browsing through available products;-;1985
35558452;Mobile Phone;10;4;5;5;Yes, I want to select products that I will buy later;Allegro is the most convenient shop;1990
35557296;Tablet;8;5;5;5;Yes, I want to select products that I will buy later;Allegro is the most convenient shop;1957
35556829;Mobile Phone;10;4;4;5;Yes, I want to select products that I will buy later;I have a guarantee of safe shopping on Allegro,Allegro is the most convenient shop;1990
35555922;Desktop;10;4;4;4;No, I'm only browsing through available products;-;1983
35555795;Desktop;6;5;5;5;Yes, I want to buy something in the next few minutes;Allegro is the most convenient shop;1981
35555719;Desktop;5;3;3;5;Yes, I want to buy something in the next few minutes;Other reasons;1973
35555640;Mobile Phone;10;3;4;5;Yes, I want to select products that I will buy later;There is no shop in my neighborhood that offers the products that I can find on Allegro;1989
35555207;Desktop;10;1;3;5;Yes, I want to buy something in the next few minutes;I have free delivery on Allegro;1983
35555142;Mobile Phone;10;5;5;5;No, I'm only browsing through available products;-;1988
35554799;Mobile Phone;8;5;3;5;Yes, I want to select products that I will buy later;There is no shop in my neighborhood that offers the products that I can find on Allegro;1995
35554758;Desktop;7;5;5;5;No, I'm only browsing through available products;-;1950
35553630;Mobile Phone;9;3;4;4;No, I'm only browsing through available products;-;1986
35553456;Desktop;8;4;4;4;Yes, I want to buy something in the next few minutes;Allegro is the most convenient shop,I have free delivery on Allegro,Allegro is the cheapest;1985
35553327;Desktop;10;4;4;5;Yes, I want to buy something in the next few minutes;Allegro is the most convenient shop,I have free delivery on Allegro,I have a guarantee of safe shopping on Allegro;1988
35553281;Desktop;7;4;3;3;Yes, I want to select products that I will buy later;Allegro is the most convenient shop,There is no shop in my neighborhood that offers the products that I can find on Allegro;1985
35551702;Desktop;7;3;4;4;Yes, I want to buy something in the next few minutes;Allegro is the most convenient shop;1976
35551362;Mobile Phone;2;1;4;3;Yes, I want to buy something in the next few minutes;There is no shop in my neighborhood that offers the products that I can find on Allegro;1996
35551291;Desktop;10;3;3;4;Yes, I want to buy something in the next few minutes;I have free delivery on Allegro,Allegro is the most convenient shop,There is no shop in my neighborhood that offers the products that I can find on Allegro;1976
35551201;Mobile Phone;7;3;3;2;No, I'm only browsing through available products;-;1975
35551155;Desktop;9;5;4;3;Yes, I want to select products that I will buy later;I have a guarantee of safe shopping on Allegro,I have free delivery on Allegro,Allegro is the most convenient shop,There is no shop in my neighborhood that offers the products that I can find on Allegro;1961
35550163;Mobile Phone;9;1;1;4;No, I'm only browsing through available products;-;1983
35550109;Desktop;10;5;4;4;Yes, I want to select products that I will buy later;I have a guarantee of safe shopping on Allegro;1950
35550102;Desktop;9;4;4;5;No, I'm only browsing through available products;-;1971
35550013;Mobile Phone;10;5;5;5;No, I'm only browsing through available products;-;1971
35550004;Mobile Phone;10;5;5;5;No, I'm only browsing through available products;-;1979
35549785;Desktop;10;5;4;4;Yes, I want to select products that I will buy later;I have a guarantee of safe shopping on Allegro,Allegro is the most convenient shop,I have free delivery on Allegro;54
35549769;Desktop;10;4;5;4;Yes, I want to select products that I will buy later;Allegro is the most convenient shop,I have free delivery on Allegro,There is no shop in my neighborhood that offers the products that I can find on Allegro;1992
35549162;Desktop;9;1;1;3;No, I'm only browsing through available products;-;1975
35548939;Mobile Phone;7;5;5;5;No, I'm only browsing through available products;-;1981
35547693;Desktop;8;3;4;5;Yes, I want to select products that I will buy later;I have free delivery on Allegro,I have a guarantee of safe shopping on Allegro,Allegro is the most convenient shop;1962
35547391;Desktop;10;5;5;5;Yes, I want to buy something in the next few minutes;I have free delivery on Allegro;1988
35547237;Desktop;10;5;2;4;No, I'm only browsing through available products;-;63
35546834;Desktop;9;5;4;3;Yes, I want to buy something in the next few minutes;I have a guarantee of safe shopping on Allegro,Allegro is the most convenient shop,Allegro is the cheapest,There is no shop in my neighborhood that offers the products that I can find on Allegro;1999
35546698;Desktop;10;4;4;4;Yes, I want to select products that I will buy later;I have a guarantee of safe shopping on Allegro;1972
35546357;Desktop;7;4;4;3;Yes, I want to select products that I will buy later;I have a guarantee of safe shopping on Allegro;2000
35546019;Desktop;6;3;4;4;No, I'm only browsing through available products;-;1939
35545714;Desktop;9;2;4;4;No, I'm only browsing through available products;-;1999
35544796;Desktop;10;4;3;4;Yes, I want to select products that I will buy later;There is no shop in my neighborhood that offers the products that I can find on Allegro;1949
35543434;Desktop;8;5;3;5;Yes, I want to buy something in the next few minutes;Allegro is the most convenient shop;1974
35543396;Mobile Phone;10;5;5;5;No, I'm only browsing through available products;-;1982
35543196;Desktop;9;4;4;5;No, I'm only browsing through available products;-;1965
35542988;Desktop;5;3;1;2;Yes, I want to select products that I will buy later;There is no shop in my neighborhood that offers the products that I can find on Allegro;1980
35542752;Desktop;10;3;4;5;No, I'm only browsing through available products;-;2003
35542730;Desktop;9;4;4;4;Yes, I want to select products that I will buy later;I have a guarantee of safe shopping on Allegro;1961
35542302;Desktop;10;3;5;5;Yes, I want to buy something in the next few minutes;I have free delivery on Allegro,Allegro is the most convenient shop;1974
35541818;Tablet;10;5;5;5;No, I'm only browsing through available products;-;1978
35541817;Desktop;7;2;3;4;No, I'm only browsing through available products;-;1991
35541694;Tablet;9;2;2;4;No, I'm only browsing through available products;-;1983
35541520;Mobile Phone;10;3;5;5;Yes, I want to buy something in the next few minutes;Allegro is the most convenient shop;1991
35541262;Mobile Phone;8;2;2;3;No, I'm only browsing through available products;-;1978
35541223;Mobile Phone;10;4;4;5;Yes, I want to select products that I will buy later;Allegro is the most convenient shop,There is no shop in my neighborhood that offers the products that I can find on Allegro,I have a guarantee of safe shopping on Allegro,Allegro is the cheapest;1971
35541130;Mobile Phone;10;5;5;5;Yes, I want to select products that I will buy later;I have a guarantee of safe shopping on Allegro;1970
35540634;Mobile Phone;7;2;2;2;Yes, I want to select products that I will buy later;I have free delivery on Allegro,There is no shop in my neighborhood that offers the products that I can find on Allegro,Allegro is the most convenient shop;1991
35540260;Desktop;10;4;5;5;Yes, I want to select products that I will buy later;Allegro is the most convenient shop;1993
35540179;Desktop;0;1;2;2;Yes, I want to select products that I will buy later;Other reasons;1980
35539244;Desktop;10;5;5;5;No, I'm only browsing through available products;-;1959
35538927;Mobile Phone;6;4;4;4;No, I'm only browsing through available products;-;1979
35538867;Desktop;3;1;2;2;No, I'm only browsing through available products;-;199
35538810;Mobile Phone;10;3;3;4;Yes, I want to select products that I will buy later;I have free delivery on Allegro;1983
35538066;Desktop;9;3;4;4;Yes, I want to select products that I will buy later;Allegro is the most convenient shop,I have a guarantee of safe shopping on Allegro,There is no shop in my neighborhood that offers the products that I can find on Allegro,I have free delivery on Allegro;1965
35538003;Mobile Phone;10;5;5;2;Yes, I want to select products that I will buy later;I have free delivery on Allegro,Allegro is the most convenient shop,There is no shop in my neighborhood that offers the products that I can find on Allegro;1983
35537897;Mobile Phone;10;5;5;5;Yes, I want to select products that I will buy later;Allegro is the most convenient shop,I have free delivery on Allegro;1985
35537216;Mobile Phone;10;5;5;5;No, I'm only browsing through available products;-;1996
35537033;Mobile Phone;6;4;4;4;No, I'm only browsing through available products;-;1977
35536565;Mobile Phone;10;4;4;5;No, I'm only browsing through available products;-;1997
35536487;Desktop;4;1;1;3;No, I'm only browsing through available products;-;1951
35535870;Mobile Phone;10;3;4;5;No, I'm only browsing through available products;-;1985
35535817;Desktop;10;3;1;3;Yes, I want to buy something in the next few minutes;Allegro is the most convenient shop;2000
35535334;Desktop;10;5;4;5;Yes, I want to select products that I will buy later;I have a guarantee of safe shopping on Allegro,Allegro is the most convenient shop,There is no shop in my neighborhood that offers the products that I can find on Allegro;1958
35534378;Desktop;8;3;4;4;No, I'm only browsing through available products;-;1967
35533813;Desktop;10;3;4;5;No, I'm only browsing through available products;-;1992
35533596;Mobile Phone;10;5;5;5;No, I'm only browsing through available products;-;1979
35533573;Desktop;8;4;5;4;No, I'm only browsing through available products;-;1963
35533498;Desktop;1;5;5;3;No, I'm only browsing through available products;-;1968
35533314;Desktop;10;3;3;5;No, I'm only browsing through available products;-;1977
35533265;Desktop;7;4;4;3;Yes, I want to select products that I will buy later;Allegro is the most convenient shop,I have free delivery on Allegro,I have a guarantee of safe shopping on Allegro;1955
35532979;Desktop;3;2;3;3;Yes, I want to select products that I will buy later;There is no shop in my neighborhood that offers the products that I can find on Allegro;1952
35532890;Mobile Phone;10;3;4;5;Yes, I want to select products that I will buy later;There is no shop in my neighborhood that offers the products that I can find on Allegro;1989
35532662;Desktop;9;4;4;5;Yes, I want to buy something in the next few minutes;There is no shop in my neighborhood that offers the products that I can find on Allegro,Allegro is the cheapest;1986
35532346;Desktop;6;5;4;3;Yes, I want to select products that I will buy later;I have free delivery on Allegro,Allegro is the most convenient shop,There is no shop in my neighborhood that offers the products that I can find on Allegro,I have a guarantee of safe shopping on Allegro,Allegro is the cheapest;1978
35532142;Mobile Phone;2;1;2;5;No, I'm only browsing through available products;-;Xxxx
35531868;Desktop;10;3;4;5;Yes, I want to select products that I will buy later;Allegro is the most convenient shop;1962
35531762;Desktop;9;3;3;4;Yes, I want to select products that I will buy later;I have a guarantee of safe shopping on Allegro;1978
35531365;Mobile Phone;10;4;4;5;Yes, I want to select products that I will buy later;I have free delivery on Allegro;1992
35530821;Desktop;10;3;5;5;Yes, I want to buy something in the next few minutes;There is no shop in my neighborhood that offers the products that I can find on Allegro;1974
35530542;Mobile Phone;10;5;5;5;Yes, I want to buy something in the next few minutes;I have a guarantee of safe shopping on Allegro;2003
35529963;Desktop;8;3;1;2;No, I'm only browsing through available products;-;1975
35529738;Desktop;10;5;3;4;Yes, I want to select products that I will buy later;I have a guarantee of safe shopping on Allegro,Allegro is the most convenient shop;1955
35529667;Desktop;10;5;5;5;Yes, I want to buy something in the next few minutes;I have a guarantee of safe shopping on Allegro,Allegro is the most convenient shop;47
35529568;Desktop;10;3;3;5;Yes, I want to buy something in the next few minutes;I have free delivery on Allegro,Allegro is the most convenient shop,There is no shop in my neighborhood that offers the products that I can find on Allegro,I have a guarantee of safe shopping on Allegro;1986
35528098;Desktop;1;1;1;1;No, I'm only browsing through available products;-;1969
35528066;Desktop;9;5;4;4;Yes, I want to select products that I will buy later;Allegro is the most convenient shop;1986
35527585;Mobile Phone;8;3;5;5;No, I'm only browsing through available products;-;1987
35527553;Mobile Phone;8;5;4;5;No, I'm only browsing through available products;-;2003
35527355;Desktop;10;3;3;3;No, I'm only browsing through available products;-;51
35526746;Mobile Phone;9;5;5;1;No, I'm only browsing through available products;-;1992
35526485;Desktop;10;5;5;5;No, I'm only browsing through available products;-;1973
35526136;Mobile Phone;7;3;2;4;No, I'm only browsing through available products;-;2000
35525702;Desktop;10;5;4;5;Yes, I want to select products that I will buy later;Allegro is the most convenient shop;1963
35525659;Desktop;10;5;5;5;Yes, I want to select products that I will buy later;I have a guarantee of safe shopping on Allegro;1961
35525655;Desktop;10;3;5;5;Yes, I want to select products that I will buy later;Allegro is the most convenient shop;1984
35525178;Mobile Phone;9;3;4;4;Yes, I want to select products that I will buy later;I have a guarantee of safe shopping on Allegro;2000
35525157;Mobile Phone;6;3;4;3;No, I'm only browsing through available products;-;23
35525094;Desktop;10;5;5;5;Yes, I want to select products that I will buy later;Allegro is the most convenient shop,Allegro is the cheapest;1989
35524985;Desktop;10;4;5;4;Yes, I want to buy something in the next few minutes;Allegro is the most convenient shop,I have free delivery on Allegro,Allegro is the cheapest;1977
35523212;Desktop;10;3;3;4;Yes, I want to buy something in the next few minutes;I have a guarantee of safe shopping on Allegro,Allegro is the most convenient shop,There is no shop in my neighborhood that offers the products that I can find on Allegro,I have free delivery on Allegro,Allegro is the cheapest;1986
35523135;Mobile Phone;10;5;5;5;Yes, I want to buy something in the next few minutes;I have a guarantee of safe shopping on Allegro;1985